"Metric","Value"
"Kappa",0.854975844255238
"Accuracy",0.875283446712018
"Balanced_Accuracy",0.892354365949502
"F1_Macro",0.833055229984559
"Sensitivity_Macro",0.792930298357625
"Specificity_Macro",0.991778433541379
