"Metric","Value"
"Kappa",0.816484376853543
"Accuracy",0.841628959276018
"Balanced_Accuracy",0.883671951051669
"F1_Macro",0.801799435106674
"Sensitivity_Macro",0.777671869680384
"Specificity_Macro",0.989672032422954
