"Metric","Value"
"Kappa",0.878701849804261
"Accuracy",0.896464646464647
"Balanced_Accuracy",0.933080820765039
"F1_Macro",0.86504675868894
"Sensitivity_Macro",0.873475201821323
"Specificity_Macro",0.992686439708755
