"Metric","Value"
"Kappa",0.864573445657333
"Accuracy",0.884130982367758
"Balanced_Accuracy",0.900012757464875
"F1_Macro",0.797063880803043
"Sensitivity_Macro",0.808020856602499
"Specificity_Macro",0.992004658327251
