"Metric","Value"
"Kappa",0.815217873132674
"Accuracy",0.841309823677582
"Balanced_Accuracy",0.894280497534859
"F1_Macro",0.800991997900378
"Sensitivity_Macro",0.799580406974012
"Specificity_Macro",0.988980588095707
