"Metric","Value"
"Kappa",0.840927809807894
"Accuracy",0.863979848866499
"Balanced_Accuracy",0.898225349081903
"F1_Macro",0.806673358918316
"Sensitivity_Macro",0.805965682990783
"Specificity_Macro",0.990485015173022
