"Metric","Value"
"Kappa",0.802550280280101
"Accuracy",0.829931972789116
"Balanced_Accuracy",0.864094639099718
"F1_Macro",0.744728256165645
"Sensitivity_Macro",0.739349295925725
"Specificity_Macro",0.988839982273712
