"Metric","Value"
"Kappa",0.85333343184992
"Accuracy",0.874055415617129
"Balanced_Accuracy",0.87369083081078
"F1_Macro",0.768887410988068
"Sensitivity_Macro",0.755991339814869
"Specificity_Macro",0.99139032180669
