"Metric","Value"
"Kappa",0.801141762734338
"Accuracy",0.828715365239295
"Balanced_Accuracy",0.860301059895952
"F1_Macro",0.771962850288369
"Sensitivity_Macro",0.732215106621896
"Specificity_Macro",0.988387013170008
