"Metric","Value"
"Kappa",0.850342599915736
"Accuracy",0.871536523929471
"Balanced_Accuracy",0.893832840627323
"F1_Macro",0.787786491097666
"Sensitivity_Macro",0.796306741076971
"Specificity_Macro",0.991358940177676
