"Metric","Value"
"Kappa",0.812767967661498
"Accuracy",0.839002267573696
"Balanced_Accuracy",0.855556759020931
"F1_Macro",0.823898185989799
"Sensitivity_Macro",0.721670531693218
"Specificity_Macro",0.989442986348645
