"Metric","Value"
"Kappa",0.825690599511818
"Accuracy",0.851385390428212
"Balanced_Accuracy",0.830137919009136
"F1_Macro",0.824396977923907
"Sensitivity_Macro",0.670634266210373
"Specificity_Macro",0.989641571807898
