"Metric","Value"
"Kappa",0.817136710275656
"Accuracy",0.843537414965986
"Balanced_Accuracy",0.843855015139113
"F1_Macro",0.773297859429268
"Sensitivity_Macro",0.698074031262602
"Specificity_Macro",0.989635999015623
