"Metric","Value"
"Kappa",0.846664780258239
"Accuracy",0.868686868686869
"Balanced_Accuracy",0.932001425465118
"F1_Macro",0.836733327772959
"Sensitivity_Macro",0.873044187664819
"Specificity_Macro",0.990958663265418
