"Metric","Value"
"Kappa",0.860290381776123
"Accuracy",0.879818594104308
"Balanced_Accuracy",0.914719221216013
"F1_Macro",0.85610622305165
"Sensitivity_Macro",0.837350191735852
"Specificity_Macro",0.992088250696175
