"Metric","Value"
"Kappa",0.849983886561392
"Accuracy",0.870748299319728
"Balanced_Accuracy",0.897331684947633
"F1_Macro",0.808337081437348
"Sensitivity_Macro",0.80306746485636
"Specificity_Macro",0.991595905038906
