"Metric","Value"
"Kappa",0.870942002216476
"Accuracy",0.889168765743073
"Balanced_Accuracy",0.880296038461185
"F1_Macro",0.768828188581951
"Sensitivity_Macro",0.768042197453962
"Specificity_Macro",0.992549879468409
