"Metric","Value"
"Kappa",0.816234772847411
"Accuracy",0.841628959276018
"Balanced_Accuracy",0.88615960331968
"F1_Macro",0.807840125803269
"Sensitivity_Macro",0.782734720646596
"Specificity_Macro",0.989584485992764
