"Metric","Value"
"Kappa",0.822020196081313
"Accuracy",0.846347607052897
"Balanced_Accuracy",0.926598989358142
"F1_Macro",0.806741949178529
"Sensitivity_Macro",0.863583594455901
"Specificity_Macro",0.989614384260383
