"Metric","Value"
"Kappa",0.855346024475775
"Accuracy",0.875283446712018
"Balanced_Accuracy",0.915714940329056
"F1_Macro",0.84582199978394
"Sensitivity_Macro",0.839526117661778
"Specificity_Macro",0.991903762996334
