"Metric","Value"
"Kappa",0.867241803187091
"Accuracy",0.886363636363636
"Balanced_Accuracy",0.951699932517655
"F1_Macro",0.867967476503428
"Sensitivity_Macro",0.91122430819788
"Specificity_Macro",0.992175556837429
