"Metric","Value"
"Kappa",0.835513465522344
"Accuracy",0.858942065491184
"Balanced_Accuracy",0.914240142463883
"F1_Macro",0.808154463694509
"Sensitivity_Macro",0.838160492121117
"Specificity_Macro",0.99031979280665
