"Metric","Value"
"Kappa",0.824944011944119
"Accuracy",0.848072562358277
"Balanced_Accuracy",0.917474869951604
"F1_Macro",0.77860898989603
"Sensitivity_Macro",0.844634867455443
"Specificity_Macro",0.990314872447764
