"Metric","Value"
"Kappa",0.904741285992639
"Accuracy",0.924242424242424
"Balanced_Accuracy",0.911442375391564
"F1_Macro",0.881034401666331
"Sensitivity_Macro",0.830952380952381
"Specificity_Macro",0.991932369830747
