"Metric","Value"
"Kappa",0.897365196078431
"Accuracy",0.925373134328358
"Balanced_Accuracy",0.936792477515196
"F1_Macro",0.880218525473188
"Sensitivity_Macro",0.883678861788618
"Specificity_Macro",0.989906093241774
