"Metric","Value"
"Kappa",0.802953621505019
"Accuracy",0.848
"Balanced_Accuracy",0.904310462482688
"F1_Macro",0.902102410079848
"Sensitivity_Macro",0.82953413940256
"Specificity_Macro",0.979086785562816
