"Metric","Value"
"Kappa",0.467252812756128
"Accuracy",0.576923076923077
"Balanced_Accuracy",0.711441875041328
"F1_Macro",0.551220834415109
"Sensitivity_Macro",0.461640002509568
"Specificity_Macro",0.96037884391362
