"Metric","Value"
"Kappa",0.772274708377711
"Accuracy",0.800756620428752
"Balanced_Accuracy",0.866406805787101
"F1_Macro",0.724940087838211
"Sensitivity_Macro",0.745280578693941
"Specificity_Macro",0.987921516816355
