"Metric","Value"
"Kappa",0.784812138551639
"Accuracy",0.81060606060606
"Balanced_Accuracy",0.893602279412078
"F1_Macro",0.789414869093126
"Sensitivity_Macro",0.801857670010318
"Specificity_Macro",0.98679226382791
