"Metric","Value"
"Kappa",0.781186358974141
"Accuracy",0.809782608695652
"Balanced_Accuracy",0.836985834367587
"F1_Macro",0.724055146830433
"Sensitivity_Macro",0.686780180427388
"Specificity_Macro",0.987727634281402
