,outer_fold,inner_fold,params,accuracy,f1_macro,mcc,kappa
0,0,0,"{'class_weight': True, 'n_genes': 1000}",0.7473903966597077,0.606029074859357,0.7160232007238259,0.7154311077069616
1,0,0,"{'class_weight': False, 'n_genes': 1000}",0.7286012526096033,0.5476042837091528,0.6943616519657714,0.6927366031777361
2,0,1,"{'class_weight': True, 'n_genes': 1000}",0.7740585774058577,0.6493569106515142,0.7468954114289833,0.7465672389162441
3,0,1,"{'class_weight': False, 'n_genes': 1000}",0.7405857740585774,0.6041249730123546,0.7080573642641427,0.7073103284808502
4,1,0,"{'class_weight': True, 'n_genes': 1000}",0.7390396659707724,0.5875750595435009,0.7064389353665832,0.7054120541205412
5,1,0,"{'class_weight': False, 'n_genes': 1000}",0.7369519832985386,0.5778404279849501,0.7040569427341842,0.7022275945432568
6,1,1,"{'class_weight': True, 'n_genes': 1000}",0.7154811715481172,0.5240285475758872,0.6806007676367773,0.6796199281451291
7,1,1,"{'class_weight': False, 'n_genes': 1000}",0.7364016736401674,0.5459235250716115,0.7034463526411239,0.7012662999538715
