"Metric","Value"
"Kappa",0.919961581559148
"Accuracy",0.936
"Balanced_Accuracy",0.959732042906937
"F1_Macro",0.921355362211527
"Sensitivity_Macro",0.924270981507824
"Specificity_Macro",0.993994253588376
