"Metric","Value"
"Kappa",0.843008375289891
"Accuracy",0.883582089552239
"Balanced_Accuracy",0.938007175312665
"F1_Macro",0.871765502068575
"Sensitivity_Macro",0.888150406504065
"Specificity_Macro",0.988827603399825
