"Metric","Value"
"Kappa",0.79807152447211
"Accuracy",0.821969696969697
"Balanced_Accuracy",0.868709378630431
"F1_Macro",0.779395297106512
"Sensitivity_Macro",0.749594252498521
"Specificity_Macro",0.988317893965268
