"Metric","Value"
"Kappa",0.761966364812419
"Accuracy",0.790760869565217
"Balanced_Accuracy",0.876022473964384
"F1_Macro",0.676924440668541
"Sensitivity_Macro",0.763331308899487
"Specificity_Macro",0.9860483471941
