"Metric","Value"
"Kappa",0.531566699196757
"Accuracy",0.630769230769231
"Balanced_Accuracy",0.732592152706234
"F1_Macro",0.563989463745193
"Sensitivity_Macro",0.503161741640002
"Specificity_Macro",0.964648047032571
