"fold","weight_name","svm_weight","xgb_weight","nn_weight","kappa"
"0","W47",0.5,0.3,0.2,0.819778738124523
"1","W78",0.3,0.3,0.4,0.814853997638529
"2","W73",0.4,0.1,0.4,0.816368339479833
"3","W84",0.4,0,0.5,0.818169135756099
"4","W76",0.4,0.2,0.4,0.814304803361559
