"fold","weight_name","svm_weight","xgb_weight","nn_weight","kappa"
"0","ALL",1,1,1,0.818239326764452
"1","ALL",1,1,1,0.810511443748917
"2","ALL",1,1,1,0.812347166601694
"3","ALL",1,1,1,0.814638319896886
"4","ALL",1,1,1,0.809740373224234
