"fold","weight_name","svm_weight","xgb_weight","nn_weight","kappa"
"0","W78",0.3,0.3,0.4,0.818915352841266
"1","W60",0.4,0.2,0.3,0.811800428375244
"2","W58",0.5,0.1,0.3,0.814885809051515
"3","W47",0.5,0.3,0.2,0.819091720666062
"4","W87",0.4,0.1,0.5,0.814180654176056
