"Metric","Value"
"Kappa",0.914285714285714
"Accuracy",0.931818181818182
"Balanced_Accuracy",0.898078780250795
"F1_Macro",0.862719146566918
"Sensitivity_Macro",0.80327380952381
"Specificity_Macro",0.99288375097778
