"Metric","Value"
"Kappa",0.746267926190593
"Accuracy",0.779891304347826
"Balanced_Accuracy",0.823660120690599
"F1_Macro",0.687227207164905
"Sensitivity_Macro",0.663520043385807
"Specificity_Macro",0.985693757546348
