"Metric","Value"
"Kappa",0.909414945919371
"Accuracy",0.934328358208955
"Balanced_Accuracy",0.916677696422788
"F1_Macro",0.840090386068887
"Sensitivity_Macro",0.841750871080139
"Specificity_Macro",0.991604521765436
