"Metric","Value"
"Kappa",0.466370415003389
"Accuracy",0.580769230769231
"Balanced_Accuracy",0.710501981369687
"F1_Macro",0.563991142917254
"Sensitivity_Macro",0.464429857582031
"Specificity_Macro",0.956574105157342
