"Metric","Value"
"Kappa",0.729843677728067
"Accuracy",0.763257575757576
"Balanced_Accuracy",0.837617723781798
"F1_Macro",0.756961135241881
"Sensitivity_Macro",0.694447133369452
"Specificity_Macro",0.982213508665227
