"Metric","Value"
"Kappa",0.732123174896923
"Accuracy",0.765112262521589
"Balanced_Accuracy",0.85687482574452
"F1_Macro",0.794107602773689
"Sensitivity_Macro",0.731993196816894
"Specificity_Macro",0.983281284712048
