"Model","Type","Original_Kappa","Rejection_Kappa","Kappa_Improvement","Original_Accuracy","Rejection_Accuracy","Accuracy_Improvement","Mean_Percent_Rejected"
"xgboost","loso",0.72291432144049,0.843627643719122,0.120713322278633,0.776660541394578,0.885987957464749,0.109327416070171,35.3954284672714
"OvR_Ensemble","loso",0.730970117269288,0.787126935784901,0.056156818515613,0.781249293816718,0.828721294593259,0.0474720007765415,12.8592978706347
"svm","loso",0.739652439885278,0.772971889834415,0.0333194499491364,0.789167431540988,0.817039411220096,0.0278719796791079,7.30165777981482
"Global_Optimized","loso",0.746714025573072,0.771040929882793,0.0243269043097212,0.79413697611063,0.814383126218441,0.0202461501078114,5.59201229335233
"neural_net","loso",0.770914909066065,0.788972098145156,0.0180571890790905,0.812616377371277,0.827816957462878,0.0152005800916012,4.20636241111257
