"Metric","Value"
"Kappa",0.893370875925813
"Accuracy",0.922388059701493
"Balanced_Accuracy",0.929556440333977
"F1_Macro",0.858153981529662
"Sensitivity_Macro",0.869532520325203
"Specificity_Macro",0.989580360342751
