"Metric","Value"
"Kappa",0.782794042493741
"Accuracy",0.812105926860025
"Balanced_Accuracy",0.848786538629167
"F1_Macro",0.693685802190514
"Sensitivity_Macro",0.712784246827861
"Specificity_Macro",0.984788830430472
