"Metric","Value"
"Kappa",0.757294755137511
"Accuracy",0.787564766839378
"Balanced_Accuracy",0.856755042452753
"F1_Macro",0.775844323849258
"Sensitivity_Macro",0.730973472696314
"Specificity_Macro",0.982536612209191
