"Metric","Value"
"Kappa",0.74427109628006
"Accuracy",0.776515151515151
"Balanced_Accuracy",0.818079040229972
"F1_Macro",0.757373476465765
"Sensitivity_Macro",0.655782443790487
"Specificity_Macro",0.980375636669457
