"Metric","Value"
"Kappa",0.512679097384386
"Accuracy",0.611620795107034
"Balanced_Accuracy",0.754695904173626
"F1_Macro",0.569188299200064
"Sensitivity_Macro",0.549592404742477
"Specificity_Macro",0.959799403604776
