"Metric","Value"
"Kappa",0.8051202100599
"Accuracy",0.848
"Balanced_Accuracy",0.90498344695456
"F1_Macro",0.866741363211951
"Sensitivity_Macro",0.829605263157895
"Specificity_Macro",0.980361630751226
