"Metric","Value"
"Kappa",0.461657192335203
"Accuracy",0.576923076923077
"Balanced_Accuracy",0.709391979715889
"F1_Macro",0.55915431484984
"Sensitivity_Macro",0.462618263379133
"Specificity_Macro",0.956165696052645
