"model","mean_cutoff","sd_cutoff","mean_kappa","sd_kappa","mean_accuracy","sd_accuracy","mean_perc_rejected","sd_perc_rejected","n_folds"
"Global_Optimized",0.34,0.0547722557505166,0.771492886405839,0.0549664999198207,0.805528465922003,0.0436241679071692,0.0646467574600581,0.0254716927903244,5
"OvR_Ensemble",0.32,0.0447213595499958,0.782512810945961,0.0384745012315849,0.814794150507097,0.0309565151274788,0.0562461681433317,0.0315721610329124,5
"neural_net",0.22,0.109544511501033,0.788125605363782,0.0447973471337951,0.817467130454103,0.0364030277785395,0.0383684769773088,0.0228424594453752,5
"svm",0.34,0.0547722557505166,0.770886516118489,0.0612252911848455,0.805156120948439,0.0485632203522893,0.0621247624562776,0.0253544126185875,5
"xgboost",0.24,0.134164078649987,0.751301893692691,0.0442062920143661,0.789034693195874,0.0352044620974707,0.0337402351606958,0.0352110758421499,5
