"model","mean_cutoff","sd_cutoff","mean_kappa","sd_kappa","mean_accuracy","sd_accuracy","mean_perc_rejected","sd_perc_rejected","n_folds"
"Global_Optimized",0.244,0.14909728367747,0.778393986772858,0.0532591006593633,0.812010774346728,0.0427399892173881,0.0504657600971179,0.0468703969329098,5
"OvR_Ensemble",0.334,0.0357770876399966,0.789703701011562,0.0358661793396217,0.82080570567856,0.0286350813356674,0.0759229984352365,0.0300833002394571,5
"neural_net",0.27,0.114455231422596,0.808023670443463,0.0323997890168455,0.834346535015007,0.0262261886788966,0.0795629227828673,0.0290558395705647,5
"svm",0.39,0.0667083203206317,0.78476962286106,0.0650826921359365,0.816953870372073,0.0520366598343581,0.0961690154060125,0.00251897451482445,5
"xgboost",0.314,0.0602494813255683,0.759268156015128,0.043621561555723,0.795873307229962,0.0347728132104832,0.053029454470956,0.0409616628014257,5
