"Metric","Value"
"Kappa",0.779617285156579
"Accuracy",0.804835924006909
"Balanced_Accuracy",0.90727143073943
"F1_Macro",0.819931679494834
"Sensitivity_Macro",0.828497750885617
"Specificity_Macro",0.986494134981522
