"Metric","Value"
"Kappa",0.885030240530672
"Accuracy",0.912
"Balanced_Accuracy",0.933187274566599
"F1_Macro",0.866452797453007
"Sensitivity_Macro",0.876601030548399
"Specificity_Macro",0.989773518584799
