"Metric","Value"
"Kappa",0.881743389126962
"Accuracy",0.898989898989899
"Balanced_Accuracy",0.956566372871321
"F1_Macro",0.901250863791145
"Sensitivity_Macro",0.920258393212357
"Specificity_Macro",0.992874352530285
