"Metric","Value"
"Kappa",0.829935891754557
"Accuracy",0.853904282115869
"Balanced_Accuracy",0.914075334333096
"F1_Macro",0.83985183297517
"Sensitivity_Macro",0.838278017679736
"Specificity_Macro",0.989872650986456
