"Metric","Value"
"Kappa",0.888113444038181
"Accuracy",0.904282115869018
"Balanced_Accuracy",0.884577620110138
"F1_Macro",0.795185222533017
"Sensitivity_Macro",0.775814572138102
"Specificity_Macro",0.993340668082174
