"Metric","Value"
"Kappa",0.870382737485716
"Accuracy",0.889168765743073
"Balanced_Accuracy",0.902222841711445
"F1_Macro",0.810612685184949
"Sensitivity_Macro",0.812160290153697
"Specificity_Macro",0.992285393269192
