"Metric","Value"
"Kappa",0.838286810395266
"Accuracy",0.861460957178841
"Balanced_Accuracy",0.918481758161553
"F1_Macro",0.817772444846616
"Sensitivity_Macro",0.846563853465655
"Specificity_Macro",0.990399662857452
