"Model","N_Folds","Mean_Kappa","SD_Kappa","Mean_Accuracy","SD_Accuracy","Mean_Balanced_Accuracy","SD_Balanced_Accuracy","Mean_F1_Macro","SD_F1_Macro"
"Global_Optimized",5,0.773961516775481,0.149917196019393,0.813137635937452,0.120591088496167,0.875320305949798,0.0697297544048326,0.774867714281968,0.123883558767309
"svm",5,0.766519493122575,0.155306232595436,0.807821934124924,0.124573304840547,0.870181316292421,0.0808758253196909,0.755795323868551,0.129007994804461
"OvR_Ensemble",5,0.762118540541368,0.160735302864307,0.802631850135313,0.131370742401538,0.857492067410204,0.067284418455928,0.755583619670124,0.12546817775595
"neural_net",5,0.756510384358429,0.139867636936374,0.798432375969151,0.111886630917138,0.884217476922794,0.0736252071355513,0.752597524565681,0.117300221903356
"xgboost",5,0.755511570481337,0.144533729907387,0.798165979834968,0.118365248072111,0.834983410946497,0.0627300918182843,0.740098988476992,0.13328133058893
