"Metric","Value"
"Kappa",0.831505715153645
"Accuracy",0.855203619909502
"Balanced_Accuracy",0.883566387169151
"F1_Macro",0.81936076953662
"Sensitivity_Macro",0.776755527167402
"Specificity_Macro",0.9903772471709
