"Metric","Value"
"Kappa",0.815551737107206
"Accuracy",0.841309823677582
"Balanced_Accuracy",0.911313724382392
"F1_Macro",0.81360795133942
"Sensitivity_Macro",0.833575823322369
"Specificity_Macro",0.989051625442415
