"Metric","Value"
"Kappa",0.8698516559853
"Accuracy",0.888888888888889
"Balanced_Accuracy",0.944009071519255
"F1_Macro",0.885123173018479
"Sensitivity_Macro",0.895838187419603
"Specificity_Macro",0.992179955618908
