"Metric","Value"
"Kappa",0.825828341641185
"Accuracy",0.850340136054422
"Balanced_Accuracy",0.863089993615994
"F1_Macro",0.829622296702653
"Sensitivity_Macro",0.736064471087157
"Specificity_Macro",0.99011551614483
