"Metric","Value"
"Kappa",0.882321555608252
"Accuracy",0.899244332493703
"Balanced_Accuracy",0.88374869883129
"F1_Macro",0.792834736725323
"Sensitivity_Macro",0.77447767374238
"Specificity_Macro",0.993019723920201
