"Metric","Value"
"Kappa",0.873069573428705
"Accuracy",0.89168765743073
"Balanced_Accuracy",0.90120122366664
"F1_Macro",0.815979147476177
"Sensitivity_Macro",0.810003672200649
"Specificity_Macro",0.992398775132631
