"Metric","Value"
"Kappa",0.846880725098833
"Accuracy",0.869017632241814
"Balanced_Accuracy",0.910892234424516
"F1_Macro",0.81011264181717
"Sensitivity_Macro",0.830892867907541
"Specificity_Macro",0.99089160094149
