"Model","Type","Original_Kappa","Rejection_Kappa","Kappa_Improvement","Original_Accuracy","Rejection_Accuracy","Accuracy_Improvement","Mean_Percent_Rejected"
"neural_net","cv",0.837829154127615,0.858576482437888,0.0207473283102728,0.859935769179467,0.877724271594149,0.0177885024146821,4.30623531463868
"OvR_Ensemble","cv",0.836239021838221,0.854976399445042,0.018737377606821,0.859022583392331,0.874838247177274,0.0158156637849431,4.03361344537815
"xgboost","cv",0.809948469331031,0.822864060633695,0.012915591302664,0.836819856147587,0.847824910687715,0.0110050545401273,2.58359754158073
"Global_Optimized","cv",0.843251498968132,0.855992165943025,0.0127406669748924,0.864917248950862,0.87571498035595,0.0107977314050874,2.62915422579288
"svm","cv",0.832574948430674,0.841048932331036,0.00847398390036225,0.855854136526405,0.8630218920616,0.00716775553519466,1.72253516791332
