"model","mean_cutoff","sd_cutoff","mean_kappa","sd_kappa","mean_accuracy","sd_accuracy","mean_perc_rejected","sd_perc_rejected","mean_n_accepted","mean_n_rejected","n_folds"
"Global_Optimized",0.322,0,0.855992165943025,0.0134451432617288,0.87571498035595,0.0116921514644176,0.0262915422579288,0.0061244296589859,429.6,11.6,5
"OvR_Ensemble",0.368,0,0.854976399445042,0.0117442609300558,0.874838247177274,0.0101925618500181,0.0403361344537815,0.0118825006355969,423.4,17.8,5
"neural_net",0.4,0,0.858576482437888,0.0158157402553082,0.877724271594149,0.0136495313984039,0.0430623531463868,0.00831706346798808,422.2,19,5
"svm",0.304,0,0.841048932331036,0.0195722093065942,0.8630218920616,0.0170052300930074,0.0172253516791332,0.00123462174457384,433.6,7.6,5
"xgboost",0.324,0,0.822864060633695,0.0162740181897227,0.847824910687715,0.0139766508798141,0.0258359754158073,0.00809972251424014,429.8,11.4,5
