"model","mean_cutoff","sd_cutoff","mean_kappa","sd_kappa","mean_accuracy","sd_accuracy","mean_perc_rejected","sd_perc_rejected","mean_n_accepted","mean_n_rejected","n_folds"
"Global_Optimized",0.444,0,0.89691106399927,0.0243206422111077,0.911389587022281,0.0211932496147075,0.0841691473933288,0.0091420015030566,363.4,33.4,5
"OvR_Ensemble",0.45,0,0.893862811900846,0.023447572753769,0.908828786933798,0.0205302639786641,0.0771098898302928,0.0110153726770734,366.2,30.6,5
"neural_net",0.47,0,0.884422138596407,0.0300019981273173,0.900470037716939,0.0260768869101627,0.0831552298806707,0.028020705431376,363.8,33,5
"svm",0.462,0,0.88504923906934,0.0284210281018337,0.901377054692126,0.02476196992399,0.0655229880670687,0.00941446726841989,370.8,26,5
"xgboost",0.45,0,0.917823906407912,0.0227794767424449,0.930095724355554,0.0200947400780115,0.210214233010203,0.0888365063421216,313.4,83.4,5
