"fold","weight_name","svm_weight","xgb_weight","nn_weight","kappa"
"AAML0531","W13",0.3,0.6,0,0.639233353527565
"AAML1031","W8",0.7,0.3,0,0.646922138457557
"BEATAML1.0-COHORT","W10",0.6,0.4,0,0.786163341298196
"LEUCEGENE","W9",0.5,0.4,0,0.727468798905825
"TCGA-LAML","W33",0.4,0.5,0.1,0.73660745790509
