"fold","weight_name","svm_weight","xgb_weight","nn_weight","kappa"
"AAML0531","W106",0.1,0.1,0.7,0.674665066986603
"AAML1031","W78",0.3,0.3,0.4,0.670503739863542
"BEATAML1.0-COHORT","W100",0.2,0.2,0.6,0.798857740164224
"LEUCEGENE","W30",0.4,0.4,0.1,0.733329873643188
"TCGA-LAML","W46",0.4,0.3,0.2,0.745780748015974
