"Model","N_Folds","Mean_Kappa","SD_Kappa","Mean_Accuracy","SD_Accuracy","Mean_Balanced_Accuracy","SD_Balanced_Accuracy","Mean_F1_Macro","SD_F1_Macro"
"Global_Optimized",5,0.861692454560136,0.026133948894713,0.88156120397934,0.0226207840893154,0.91518478543751,0.0265958043870321,0.832934609866179,0.041437103963308
"OvR_Ensemble",5,0.857535049445659,0.0268491352839152,0.878029666946543,0.0233671195205648,0.910232990564819,0.0219397855198116,0.823531530075314,0.0356069026396083
"svm",5,0.856291160677164,0.0280918982235724,0.877025926774038,0.024330245375303,0.898804282797127,0.0230229506762548,0.809105826968806,0.0333861844855645
"neural_net",5,0.854962788050403,0.0247590123571021,0.875509503091367,0.0216760227416614,0.915219310313203,0.0265702701854876,0.815390188795096,0.035905882536577
"xgboost",5,0.83543463485401,0.0220208868176821,0.858875912780195,0.0190573462864378,0.877992815161662,0.0380441610275792,0.797953411614194,0.0309307777128053
