"Model","N_Folds","Mean_Kappa","SD_Kappa","Mean_Accuracy","SD_Accuracy","Mean_Balanced_Accuracy","SD_Balanced_Accuracy","Mean_F1_Macro","SD_F1_Macro"
"Global_Optimized",5,0.843251498968132,0.0123133542140804,0.864917248950862,0.010770797347218,0.898213780882963,0.0110141413985867,0.820452349316294,0.0273713664382318
"neural_net",5,0.837829154127615,0.0170721447080643,0.859935769179467,0.0148791017115641,0.904482698918006,0.0133440932353451,0.816363240171167,0.025468872647398
"OvR_Ensemble",5,0.836239021838221,0.0129754766210411,0.859022583392331,0.0111258813522783,0.886073322468259,0.0200820487935449,0.809501578440282,0.0356972476694725
"svm",5,0.832574948430674,0.022336151953434,0.855854136526405,0.0194136927116777,0.882999630538241,0.0111939061246435,0.800607114850571,0.0366673829406567
"xgboost",5,0.809948469331031,0.0176508548427609,0.836819856147587,0.0150369798065255,0.851847798247622,0.0180806409122199,0.769493990928751,0.0400067923992013
