"model","mean_cutoff","sd_cutoff","mean_kappa","sd_kappa","mean_accuracy","sd_accuracy","mean_perc_rejected","sd_perc_rejected","n_folds"
"Global_Optimized",0.444,0.0288097205817759,0.866006623709928,0.00420705299001602,0.884338416188351,0.00354943695690829,0.0369440429618495,0.00984664702640966,5
"OvR_Ensemble",0.45,0.0441588043316392,0.845640476863602,0.0112968237037994,0.868233766898874,0.00957760098802063,0.0313920846903445,0.0184324700277447,5
"neural_net",0.47,0.02,0.865590839617131,0.00618728924767818,0.883829195556088,0.00543404044713978,0.0460108046995947,0.00512029611229341,5
"svm",0.462,0.016431676725155,0.863845166946803,0.00709920845097609,0.882813231386976,0.00611382191431886,0.0427248784310703,0.0090026036080785,5
"xgboost",0.45,0.01,0.842559137050906,0.00636686924504767,0.864681441061299,0.00556847890050703,0.0461243118588323,0.00190776613384332,5
