"Metric","Value"
"Kappa",0.735742240382012
"Accuracy",0.768939393939394
"Balanced_Accuracy",0.778990279190684
"F1_Macro",0.750656398453403
"Sensitivity_Macro",0.578135139104491
"Specificity_Macro",0.979845419276876
