"Metric","Value"
"Kappa",0.751166085956578
"Accuracy",0.786684782608696
"Balanced_Accuracy",0.791550592339413
"F1_Macro",0.717210505001842
"Sensitivity_Macro",0.602015897500377
"Specificity_Macro",0.981085287178449
