"Metric","Value"
"Kappa",0.865257017863653
"Accuracy",0.893939393939394
"Balanced_Accuracy",0.85788853781329
"F1_Macro",0.879409219736334
"Sensitivity_Macro",0.727737558987559
"Specificity_Macro",0.988039516639022
