"Metric","Value"
"Kappa",0.904956350323852
"Accuracy",0.928
"Balanced_Accuracy",0.929270558742489
"F1_Macro",0.871505396708645
"Sensitivity_Macro",0.867555896116268
"Specificity_Macro",0.99098522136871
