"Metric","Value"
"Kappa",0.449350452886561
"Accuracy",0.569230769230769
"Balanced_Accuracy",0.6601185054108
"F1_Macro",0.532256217705513
"Sensitivity_Macro",0.364966748227618
"Specificity_Macro",0.955270262593983
