"Metric","Value"
"Kappa",0.87531017369727
"Accuracy",0.91044776119403
"Balanced_Accuracy",0.891985540566694
"F1_Macro",0.885381626969202
"Sensitivity_Macro",0.796733449477352
"Specificity_Macro",0.987237631656037
