"Metric","Value"
"Kappa",0.803002654280026
"Accuracy",0.848
"Balanced_Accuracy",0.919442853704009
"F1_Macro",0.927353912672345
"Sensitivity_Macro",0.860093646277857
"Specificity_Macro",0.97879206113016
